phenomenon,item_number,prompt,randomized_option_order,randomized_labels_complex,randomized_true_answer,seed,target,competitor,distractor_plausibleliteral,distractor_literal,distractor_nonsequitut
MPV,1,"Mary was asked about the town that she has just moved to. Mary responded: ""This town is a chimney."" What does Mary mean?","[3, 5, 1, 4, 2]","['IncorrectNonLiteral', 'IncorrectLiteral', 'IncorrectPlausibleLiteral', 'IncorrectNonSequitur', 'CorrectNonLiteral']",5,0,The town is not one of the cleanest ones.,The people living in this town are very welcoming.,All houses in this town have chimneys.,The town is a chimney.,Mary found a job at a company installing chimneys.
MPV,2,"Mike said to his expectant wife: ""Our baby is a lovebird's egg."" What did Mike mean?","[3, 4, 2, 1, 5]","['IncorrectNonLiteral', 'IncorrectNonSequitur', 'CorrectNonLiteral', 'IncorrectPlausibleLiteral', 'IncorrectLiteral']",3,0,Mike and his wife are very much in love with each other.,Mike is worried that the bird flu virus affected their baby.,The baby in his wife's womb is the size of an egg.,Their baby is an egg.,Their baby is growing bigger every day.
MPV,3,"Andrew and Bob were discussing the investment company where Andrew works. Bob said: ""The investors are squirrels collecting nuts."" What does Bob mean?","[4, 3, 2, 5, 1]","['IncorrectNonSequitur', 'IncorrectNonLiteral', 'CorrectNonLiteral', 'IncorrectLiteral', 'IncorrectPlausibleLiteral']",3,0,They buy stocks hoping for future profit.,The investors dress and eat well.,The investors enjoy picking nuts as much as squirrels do.,Squirrels were hired to work in the company.,Bob is allergic to nuts.
MPV,4,"Mark asked his mom what she thought about his new girlfriend. She replied: ""This young lady is 100% polyester."" What does she mean?","[2, 5, 4, 1, 3]","['CorrectNonLiteral', 'IncorrectLiteral', 'IncorrectNonSequitur', 'IncorrectPlausibleLiteral', 'IncorrectNonLiteral']",1,0,His girlfriend's behavior was not very natural.,The girl made a good impression on Mark's mom.,His girlfriend wore clothes made of polyester.,His girlfriend is made of polyester.,His girlfriend has a beautiful smile.
MPV,5,"Mary said to her husband: ""Our kids are pieces of taffy."" What did she mean? ","[1, 4, 5, 2, 3]","['IncorrectPlausibleLiteral', 'IncorrectNonSequitur', 'IncorrectLiteral', 'CorrectNonLiteral', 'IncorrectNonLiteral']",4,0, Their kids always stick together.,Their kids need to stick to a diet.,Their kids eat too many candies.,Their kids are sweet candy.,Their kids argue too much.
MPV,6,"Mark saw a lady at the party and said to his friend: ""This lady's jewels are bursting stars."" What did Mark mean?","[4, 2, 5, 3, 1]","['IncorrectNonSequitur', 'CorrectNonLiteral', 'IncorrectLiteral', 'IncorrectNonLiteral', 'IncorrectPlausibleLiteral']",2,0,The lady's jewelry is shining very brightly.,The lady's jewelry broke into many pieces.,The lady wears some jewelry designed to look like stars.,The lady wears bursting stars.,Mark did not like the lady's jewelry.
MPV,7,"Ben was telling his friend about the fashion show that he attended. He said: ""This model was the blue canary at the show."" What did Ben mean? ","[5, 2, 3, 4, 1]","['IncorrectLiteral', 'CorrectNonLiteral', 'IncorrectNonLiteral', 'IncorrectNonSequitur', 'IncorrectPlausibleLiteral']",2,0,The model stood out at the fashion show.,The model's skin turned blue.,The model wore a costume made of blue feathers.,The blue canary worked as a model at the show.,The model came to the show with her pet bird.
MPV,8,"Mary said to her granddaughter: ""The queen is our nation's aunt."" What did Mary mean?","[4, 1, 5, 3, 2]","['IncorrectNonSequitur', 'IncorrectPlausibleLiteral', 'IncorrectLiteral', 'IncorrectNonLiteral', 'CorrectNonLiteral']",5,0,The queen cares about you from afar.,People of the country love the pies that the queen bakes.,Mary and her family are related to the queen.,The queen is an aunt of everyone living in the country.,The queen has a lot of relatives.
MPV,9,"Abby and Kyle were walking along the promenade one night, and they saw a couple smiling at each other. Abby noted: ""This sunset sings to the lovers."" What did Abby mean?","[5, 4, 2, 3, 1]","['IncorrectLiteral', 'IncorrectNonSequitur', 'CorrectNonLiteral', 'IncorrectNonLiteral', 'IncorrectPlausibleLiteral']",3,0,It was a very romantic night.,It was too dark to see any singers performing on the promenade.,There were a lot of musicians and singers performing on the promenade.,He could hear the sun singing songs.,Abby wants to attend a concert with Kyle.
MPV,10,"Jessica was giving a talk that her mom attended. After the talk, Jessica's mom called her husband and said: ""Jessica sailed towards the finish."" What did she mean?","[4, 3, 1, 2, 5]","['IncorrectNonLiteral', 'IncorrectPlausibleLiteral', 'IncorrectLiteral', 'CorrectNonLiteral', 'IncorrectNonSequitur']",4,0,Jessica finished her talk successfully.,Jessica's talk was a disaster.,Jessica got interested in sailing.,Jessica finished the sailing race.,Jessica was giving a talk about sailing.
MPV,11,"Jody and Mark were discussing their daughter's behavior. Mark said: ""She is walking all over her brothers."" What did Mark mean?","[3, 2, 4, 5, 1]","['IncorrectPlausibleLiteral', 'CorrectNonLiteral', 'IncorrectNonLiteral', 'IncorrectNonSequitur', 'IncorrectLiteral']",2,0,She can make her brothers do whatever she wishes.,Their daughter should be less aggressive towards her brothers.,Their daughter finally started to walk.,She is not paying attention when walking and often steps on her little brothers by accident.,She enjoys long walks with her brothers.
MPV,12,"During a business meeting, the general manager of the company said to the financial manager: ""The new accountant that you hired is a juggler."" What did the general manager mean? ","[4, 5, 3, 1, 2]","['IncorrectNonLiteral', 'IncorrectNonSequitur', 'IncorrectPlausibleLiteral', 'IncorrectLiteral', 'CorrectNonLiteral']",5,0,The newly hired person is good at manipulating many things at once.,The newly hired person dressed up as a clown.,The newly hired person used to work in a circus show.,The newly hired person can toss and catch objects in the air.,The newly hired person has too many excuses for being late.
MPV,13,"Ken was telling his friend about his shopping experience on Black Friday. Ken said: ""The store that I went to was a jungle."" What did Ken mean?","[1, 4, 3, 5, 2]","['IncorrectPlausibleLiteral', 'IncorrectNonSequitur', 'IncorrectNonLiteral', 'IncorrectLiteral', 'CorrectNonLiteral']",5,0,The store was complete chaos.,The store that he went to sold some exotic pets.,There were a lot of tropical trees in that store.,The store was in a jungle.,There were a lot of mosquitoes in that store.
MPV,14,"Janet was telling her friend about the show that she saw last night. Janet said: ""The dancers were butterflies."" What did Janet mean?","[4, 5, 1, 2, 3]","['IncorrectNonSequitur', 'IncorrectLiteral', 'IncorrectPlausibleLiteral', 'CorrectNonLiteral', 'IncorrectNonLiteral']",4,0,The dancers flitted around the stage.,There were too many dancers in this show.,The dancers portrayed butterflies in the show.,Butterflies were dancing on the stage.,She did not see any dancers in the show.
MPV,15,"Caitlyn was telling her husband about her new co-worker. Caitlyn said: ""Sally is a block of ice."" What did she mean?","[3, 4, 2, 5, 1]","['IncorrectNonLiteral', 'IncorrectNonSequitur', 'CorrectNonLiteral', 'IncorrectLiteral', 'IncorrectPlausibleLiteral']",3,0,Sally does not show any emotions.,Sally is very emotional and cries often.,Sally is coming down with a cold.,Sally is an ice sculpture.,Sally's hands are always cold.
MPV,16,"Robert and his wife are discussing their neighbor. Robert said: ""Our neighbor is a sheep."" What did Robert mean?  ","[4, 2, 5, 1, 3]","['IncorrectNonLiteral', 'CorrectNonLiteral', 'IncorrectNonSequitur', 'IncorrectLiteral', 'IncorrectPlausibleLiteral']",2,0,Their neigbor is a follower.,Their neighbor always wears wool sweaters.,Their neighbor has a unique haircut.,There is a sheep living next to them.,Their neigbor is charismatic.
MPV,17,"Lucy told her teacher: ""The book that you gave me has more holes in it than Swiss cheese."" What did Lucy mean?","[2, 5, 4, 3, 1]","['CorrectNonLiteral', 'IncorrectLiteral', 'IncorrectNonSequitur', 'IncorrectNonLiteral', 'IncorrectPlausibleLiteral']",1,0,The plot of the book lacks important components.,The book is about cheese making in Switzerland.,The book is in bad shape.,Many pages of the book are missing some parts.,The book smells funny.
MPV,18,"The teacher told Sam: ""You have too much on your plate."" What did the teacher mean?","[2, 3, 4, 5, 1]","['CorrectNonLiteral', 'IncorrectPlausibleLiteral', 'IncorrectNonLiteral', 'IncorrectNonSequitur', 'IncorrectLiteral']",1,0,Sam has too many things to take care of.,Sam should share food with his classmates.,Sam should think about his dietary habits.,Sam has too much food on his plate.,Sam should finish all the food that is on his plate.
MPV,19,"Melissa was discussing a new sales manager, who was hired a couple of days ago: ""She is a babe in the woods."" What did Melissa mean?","[4, 1, 2, 3, 5]","['IncorrectNonSequitur', 'IncorrectPlausibleLiteral', 'CorrectNonLiteral', 'IncorrectNonLiteral', 'IncorrectLiteral']",3,0,The new sales manager is very inexperienced. ,The new sales manager lives off of the grid.,The new sales manager is too young.,"The new sales manager is a baby, who lives in the woods.",The new sales manager used to work as a babysitter.
MPV,20,"John told his fiance: ""You are the tomato sauce to my pasta."" What did John mean?","[1, 2, 5, 3, 4]","['IncorrectPlausibleLiteral', 'CorrectNonLiteral', 'IncorrectLiteral', 'IncorrectNonLiteral', 'IncorrectNonSequitur']",2,0,They are meant to be together.,He would love some pasta for dinner.,They enjoy Italian cuisine.,The tomato sauce that she makes goes well with his pasta.,His fiance has bright red lips.