model_name,temperature,seed,item_id,task,prompt,prior_prompt,question_number,question,item,item_type,correct1,correct2,correct3,options,option_names,shuffled_options,shuffled_option_names,option_numbering,token_cond_log_probs,token_cond_probs,prior_token_log_probs,null_prior_token_log_probs,token_probs,sentence_cond_probs,mean_sentence_cond_probs,prior_sentence_probs,sentence_mi,sentence_surprisal,mean_sentence_surprisal,sentence_mi_surprisal
EleutherAI/pythia-12b,0.1,0,5,Scalar_Implicatures,"You will read a short story that describes an everyday situation. Your task is to answer a question about the story.

Letters to Laura's company almost always have checks inside. Today Laura needs to find out whether 3 of the letters have checks inside. Laura tells you on the phone: I have now looked at 2 of the 3 letters, and given what I saw, I can tell you that some of today's letters have checks inside.","You will read a short story that describes an everyday situation. Your task is to answer a question about the story.

Letters to Laura's company almost always have checks inside. Today Laura needs to find out whether 3 of the letters have checks inside. Laura tells you on the phone: I have now looked at 2 of the 3 letters, and given what I saw, I can tell you that some of today's letters have checks inside.

Choose one of the following options and return the label of that option.
A. Yes
B. No
Your answer:
",Question,Did Laura look at all of today's letters?,Critical,Partial,No,Yes,Over50,A,Yes,Yes,Yes,A,"tensor([-0.8032, -1.7480], dtype=torch.float16)","[tensor(0.4480, dtype=torch.float16), tensor(0.1741, dtype=torch.float16)]","tensor([-3.5957], dtype=torch.float16)","tensor([-0.9189, -2.1426], dtype=torch.float16)","[tensor(0.3989, dtype=torch.float16), tensor(0.1174, dtype=torch.float16)]",0.078,0.31103515625,0.0468,1.666,-2.55,-1.275390625,0.833
EleutherAI/pythia-12b,0.1,0,5,Scalar_Implicatures,"You will read a short story that describes an everyday situation. Your task is to answer a question about the story.

Letters to Laura's company almost always have checks inside. Today Laura needs to find out whether 3 of the letters have checks inside. Laura tells you on the phone: I have now looked at 2 of the 3 letters, and given what I saw, I can tell you that some of today's letters have checks inside.","You will read a short story that describes an everyday situation. Your task is to answer a question about the story.

Letters to Laura's company almost always have checks inside. Today Laura needs to find out whether 3 of the letters have checks inside. Laura tells you on the phone: I have now looked at 2 of the 3 letters, and given what I saw, I can tell you that some of today's letters have checks inside.

Choose one of the following options and return the label of that option.
A. Yes
B. No
Your answer:
",Question,Did Laura look at all of today's letters?,Critical,Partial,No,Yes,Over50,B,No,No,No,B,"tensor([-0.8032, -5.5938], dtype=torch.float16)","[tensor(0.4480, dtype=torch.float16), tensor(0.0037, dtype=torch.float16)]","tensor([-5.1289], dtype=torch.float16)","tensor([-0.9189, -6.1367], dtype=torch.float16)","[tensor(0.3989, dtype=torch.float16), tensor(0.0022, dtype=torch.float16)]",0.001667,0.225830078125,0.000863,1.932,-6.4,-3.19921875,0.9067
EleutherAI/pythia-12b,0.1,0,5,Scalar_Implicatures,"You will read a short story that describes an everyday situation. Your task is to answer a question about the story.

Letters to Laura's company almost always have checks inside. Today Laura needs to find out whether 3 of the letters have checks inside. Laura tells you on the phone: I have now looked at 2 of the 3 letters, and given what I saw, I can tell you that some of today's letters have checks inside.","You will read a short story that describes an everyday situation. Your task is to answer a question about the story.

Letters to Laura's company almost always have checks inside. Today Laura needs to find out whether 3 of the letters have checks inside. Laura tells you on the phone: I have now looked at 2 of the 3 letters, and given what I saw, I can tell you that some of today's letters have checks inside.

Choose one of the following options and return the label of that option.
A. All
B. Some
C. None
Your answer:
",Question2,Did Laura say that some of today's letters had checks inside?,Critical,Partial,No,Yes,Over50,A,None,All,All,A,"tensor([-0.8066, -1.8428], dtype=torch.float16)","[tensor(0.4463, dtype=torch.float16), tensor(0.1583, dtype=torch.float16)]","tensor([-3.5957], dtype=torch.float16)","tensor([-0.8833, -2.1934], dtype=torch.float16)","[tensor(0.4133, dtype=torch.float16), tensor(0.1115, dtype=torch.float16)]",0.0707,0.30224609375,0.04608,1.534,-2.648,-1.32421875,0.861
EleutherAI/pythia-12b,0.1,0,5,Scalar_Implicatures,"You will read a short story that describes an everyday situation. Your task is to answer a question about the story.

Letters to Laura's company almost always have checks inside. Today Laura needs to find out whether 3 of the letters have checks inside. Laura tells you on the phone: I have now looked at 2 of the 3 letters, and given what I saw, I can tell you that some of today's letters have checks inside.","You will read a short story that describes an everyday situation. Your task is to answer a question about the story.

Letters to Laura's company almost always have checks inside. Today Laura needs to find out whether 3 of the letters have checks inside. Laura tells you on the phone: I have now looked at 2 of the 3 letters, and given what I saw, I can tell you that some of today's letters have checks inside.

Choose one of the following options and return the label of that option.
A. All
B. Some
C. None
Your answer:
",Question2,Did Laura say that some of today's letters had checks inside?,Critical,Partial,No,Yes,Over50,B,Some,Some,Some,B,"tensor([-0.8066, -4.5000], dtype=torch.float16)","[tensor(0.4463, dtype=torch.float16), tensor(0.0111, dtype=torch.float16)]","tensor([-5.1289], dtype=torch.float16)","tensor([-0.8833, -5.7422], dtype=torch.float16)","[tensor(0.4133, dtype=torch.float16), tensor(0.0032, dtype=torch.float16)]",0.00496,0.228759765625,0.001326,3.74,-5.305,-2.65234375,0.801
EleutherAI/pythia-12b,0.1,0,5,Scalar_Implicatures,"You will read a short story that describes an everyday situation. Your task is to answer a question about the story.

Letters to Laura's company almost always have checks inside. Today Laura needs to find out whether 3 of the letters have checks inside. Laura tells you on the phone: I have now looked at 2 of the 3 letters, and given what I saw, I can tell you that some of today's letters have checks inside.","You will read a short story that describes an everyday situation. Your task is to answer a question about the story.

Letters to Laura's company almost always have checks inside. Today Laura needs to find out whether 3 of the letters have checks inside. Laura tells you on the phone: I have now looked at 2 of the 3 letters, and given what I saw, I can tell you that some of today's letters have checks inside.

Choose one of the following options and return the label of that option.
A. All
B. Some
C. None
Your answer:
",Question2,Did Laura say that some of today's letters had checks inside?,Critical,Partial,No,Yes,Over50,C,All,None,None,C,"tensor([-0.8066, -5.0312], dtype=torch.float16)","[tensor(0.4463, dtype=torch.float16), tensor(0.0065, dtype=torch.float16)]","tensor([-5.3906], dtype=torch.float16)","tensor([-0.8833, -5.2891], dtype=torch.float16)","[tensor(0.4133, dtype=torch.float16), tensor(0.0050, dtype=torch.float16)]",0.002914,0.2264404296875,0.002087,1.396,-5.836,-2.91796875,0.946
