phenomenon,item_number,speaker,prompt,randomized_option_order,randomized_labels_complex,randomized_true_answer,seed,target,incorrect_literal,incorrect_lexical_overlap,incorrect_social_convention
DV,1,Henry,"Henry is sitting at his desk and watching TV, and reluctantly switches off the TV with the remote control and picks up a textbook. Shortly after, his mother comes in the room and asks, ""What have you been doing up here?"" Henry responds: “Reading."" Why has Henry responded in such a way?","[4, 1, 3, 2]","['CorrectNonLiteral', 'IncorrectLiteral', 'IncorrectNonLiteralSocialConvention', 'IncorrectNonLiteralLexicalOverlap']",1,0,He does not want to get into trouble for not studying. ,He has been reading for some time.,He wants his mom to believe that he has been watching TV.,He does not want to offend his mom by not reading the books that she gave him. 
DV,2,Robert,"It's Robert's birthday. Robert dresses very casually. On his birthday, he always receives a tie from Monica. He opens the package and finds a tie.  He says: ""Thanks. Really, I love it.” Why has Robert responded in such a way?","[3, 1, 4, 2]","['CorrectNonLiteral', 'IncorrectLiteral', 'IncorrectNonLiteralSocialConvention', 'IncorrectNonLiteralLexicalOverlap']",1,0,He does not want to hurt Monica by saying that he dislikes the gift.,He likes the gift very much.,He wants Monica to understand that he dislikes her gift.,He does not like to celebrate his birthday and wants it to be over with. 
DV,3,Dan,"Dan is playing in the living room. He brushes against his mother's vase. The vase falls down on the floor and breaks. When Dan's mother comes home, she asks Dan: ""What happened to my vase?"" Dan says, ""The dog knocked it over.” Why has Dan responded in such a way?","[1, 3, 4, 2]","['IncorrectLiteral', 'IncorrectNonLiteralSocialConvention', 'CorrectNonLiteral', 'IncorrectNonLiteralLexicalOverlap']",3,0,Dan does not want his mom to be angry with him for breaking the vase.,Dan thinks that the dog has knocked over the vase.,Dan wants his mom to know that he knocked it over.,Dan finds this vase ugly and wants to get rid of it.
DV,4,Peter,"Peter's mother wants them to start eating healthier, and tells him that they will eat boiled sprouts tonight. Peter tells his mother: ""I don't think I can eat, I have a terrible stomach-ache.” Why has Peter responded in such a way?","[1, 4, 3, 2]","['IncorrectLiteral', 'IncorrectNonLiteralSocialConvention', 'IncorrectNonLiteralLexicalOverlap', 'CorrectNonLiteral']",4,0,He wants to avoid eating boiled sprouts.,He is experiencing some severe stomach pain.,He wants to have boiled sprouts every night.,He does not want to get in trouble with mom for eating boiled sprouts.
DV,5,Mandy,"Today is Mandy's birthday. Her aunt has a big box with her and Mandy feels sure it will contain a pet rabbit for her. But when she opens it, she finds a fish bowl with a goldfish. When her aunt asks her whether she likes the gift, Mandy says: ""It's just what I wanted!” Why has Mandy responded in such a way?","[1, 2, 3, 4]","['IncorrectLiteral', 'IncorrectNonLiteralLexicalOverlap', 'CorrectNonLiteral', 'IncorrectNonLiteralSocialConvention']",3,0,She does not want to hurt her aunt by showing that she is upset with the present.,She is very much fond of goldfish.,She wants her aunt to know that this is not the present that she wanted.,She thinks that she can return a goldfish to the pet store and get a refund.
DV,6,Lars,"Marika baked an apple pie today. She spent the whole afternoon in the kitchen trying to follow the recipe, and told her friend Lars about the time it took. Marika gives Lars a piece of her pie. Lars takes a big bite but doesn't finish the slice. Later in the day, Marika asks: ""Do you like my apple pie?"", Lars says: ""Oh, yes, it was really tasty.” Why has Lars responded in such a way?","[4, 2, 3, 1]","['IncorrectNonLiteralSocialConvention', 'IncorrectNonLiteralLexicalOverlap', 'CorrectNonLiteral', 'IncorrectLiteral']",3,0,He does not want Marika to feel bad about her mediocre baking skills.,He likes the unusual taste of Marika's pie.,He dislikes the unusual taste of Marika's pie.,He wants Marika to know what a great baker she is. 
DV,7,Sally,"It was Christmas Eve, and Sally was in her bedroom. She overheard her mother talking about picking up Sally's computer at the Apple store earlier that day. The next morning the family opened their Christmas presents. After Sally opened her present, her mother asked her, ""Sally, are you surprised?"" Sally answered, ""Yes, I had no idea I was going to get a MacBook!” Why has Sally responded in such a way?","[1, 3, 4, 2]","['IncorrectLiteral', 'IncorrectNonLiteralLexicalOverlap', 'IncorrectNonLiteralSocialConvention', 'CorrectNonLiteral']",4,0,Sally didn't want to admit that she had overheard her mother and spoiled the surprise.,Sally forgot that the computer was the present that she heard about last night., Sally thought that the conversation was about someone else's present.,Sally wanted to confess that she overheard the conversation and spoiled the surprise.
DV,8,Oscar,"Oscar had tickets to see a hockey game with his buddies, so he called in sick at work. At the game, Oscar was having so much fun that he didn't notice his boss sitting a few rows behind him. The next day at work, the boss called Oscar into his office. He asked Oscar, ""Did you get a lot of rest yesterday?"" Oscar replied, ""Yes, the day of bed rest cured me.” Why has Oscar responded in such a way?","[2, 1, 4, 3]","['CorrectNonLiteral', 'IncorrectNonLiteralSocialConvention', 'IncorrectNonLiteralLexicalOverlap', 'IncorrectLiteral']",1,0,He did not want to get in trouble with his boss by admitting that he lied to him.,He did spend some time resting in bed.,He realized that the boss was at the game and saw him.,He wanted to be honest with his boss.
DV,9,Ed,"It's Ed's birthday and he is an avid rollerblader. He mentioned to his aunt that his rollerblades have gotten quite worn out. When he opens his birthday gift from her, he finds a pair of socks. Ed says to his aunt, ""Thank you for such a great gift.” Why has Ed responded like this?","[2, 1, 4, 3]","['IncorrectNonLiteralLexicalOverlap', 'IncorrectLiteral', 'IncorrectNonLiteralSocialConvention', 'CorrectNonLiteral']",4,0,He does not want to show that he is disappointed with the gift so that he doesn't offend his aunt.,He likes the socks that his aunt gave him.,He wants his aunt to realize that he expected to get a different gift.,He realizes that rollerblading is unsafe and is happy that he did not get rollerblades.
DV,10,Taro,"Hiroshi and Taro are very close friends and they usually play together. Taro takes very good care of all his toys. One day Hiroshi was careless and broke Taro's remote control car. Taro said to Hirosho, ""Don't worry about it, I don't care.” Why has Taro responded like this?","[1, 2, 3, 4]","['IncorrectLiteral', 'CorrectNonLiteral', 'IncorrectNonLiteralLexicalOverlap', 'IncorrectNonLiteralSocialConvention']",2,0,Friendship was more important for Taro than a broken remote control car., This was one of Taro's oldest remote control cars that he did not like too much,Taro wanted Hiroshi to feel bad for breaking his toy.,Taro was sad because he liked this toy.
DV,11,John,"Katie, John's wife, just got a new haircut that she is really excited about. John has been avoiding the topic. Katie finally asks John if he likes her new style. John responds, ""It looks great!” Why has John responded like this?","[4, 2, 1, 3]","['IncorrectNonLiteralSocialConvention', 'IncorrectNonLiteralLexicalOverlap', 'IncorrectLiteral', 'CorrectNonLiteral']",4,0,He sees how excited Katie is about the haircut and does not want to ruin her good mood.,He thinks that a new haircut suits his wife.,He wants to stress out that this haircut does not compliment Katie.,John does not care about Katie or her haircut.
DV,12,Lucy,"One night at a party Lucy and her best friend Mary are talking with some acquaintances.  Mary tells a long story to a group of people and a few of them smile. Afterwards, Mary asks Lucy whether she thought her joke was funny. Lucy says, ""Of course, you know I think you're funny!” Why has Lucy responded like this?","[4, 2, 3, 1]","['IncorrectNonLiteralSocialConvention', 'IncorrectNonLiteralLexicalOverlap', 'CorrectNonLiteral', 'IncorrectLiteral']",3,0,Lucy did not want Mary to feel awkward at this party.,Lucy thought that that Mary's jokes were hilarious. , Lucy wanted Mary to understand that her jokes were not humorous.,Lucy was afraid to get in trouble with guests of the party for telling Mary the truth. 
DV,13,Jim,"Jim and his roommate Mike are taking a course together. Mike tells him he is stressed about giving his first presentation. Afterwards Jim feels very confused about the content because of how scattered it was. After class Mike asks Jim whether it went badly. Jim answers, ""No, definitely not.” Why has Jim responded like this?","[3, 2, 4, 1]","['CorrectNonLiteral', 'IncorrectNonLiteralLexicalOverlap', 'IncorrectNonLiteralSocialConvention', 'IncorrectLiteral']",1,0,He wanted to support Mike and not make him even more nervous during public speaking in the future.,Jim thought that Mike did not seem to be that nervous after all.,Jim wanted Mike to understand that he needs to deal with his nervousness during public speaking.,Jim missed Mike's presentation and had no idea whether Mike was nervous or not.
DV,14,Jane,"One day Jane comes home and is delighted to find her partner Anthony straightening up her apartment. Jane notices that Anthony threw out lots of things which were creating clutter, including an old photo that she had always kept on the coffee table. Anthony is worried that something is troubling Jane and asks if anything is wrong. Jane answers, ""Everything is fine, dear. You did a great job of cleaning the apartment.” Why has Jane responded like this?","[4, 3, 1, 2]","['IncorrectNonLiteralLexicalOverlap', 'CorrectNonLiteral', 'IncorrectLiteral', 'IncorrectNonLiteralSocialConvention']",2,0,She wants to show that she appreciates that Anthony has cleaned the apartment.,She is happy that Anthony has cleaned the apartment and does not care about the picture that got thrown away.,She wants to show that she is angry that Anthony has cleaned the apartment.,She shows him how angry she is with him for throwing out things without her consent.
DV,15,Alice,"After telling her partner Bob that she has been craving donuts for several days, Alice wakes up very early to visit her favorite cafe. There, she finds two different varieties of donuts, has one of each, and leaves feeling satisfied. She returns home where her husband Bob has surprised her by making homemade donuts. He says to her, ""Do you want some? She replies, ""Yes, that's exactly what I'm craving right now!” Why has Alice responded like this?","[2, 4, 1, 3]","['IncorrectNonLiteralLexicalOverlap', 'IncorrectNonLiteralSocialConvention', 'IncorrectLiteral', 'CorrectNonLiteral']",4,0,She did not want to disappoint Bob by telling him the truth.,She is excited to eat the donuts because she is craving them.,She wanted Bob to understand that she did not want any more donuts.,She did not want to show Bob that she was angry by telling him the truth. 
DV,16,Brianna,"Brianna was deciding between her favorite takeout restaurants when her partner Derek invites her over to his house for dinner for the third time this week. Derek tells her excitedly that his mom cooked her special spaghetti recipe and is eager to have her taste it again.  Brianna responds: ""I am looking forward to it.” Why has Brianna responded like this?","[3, 4, 2, 1]","['CorrectNonLiteral', 'IncorrectNonLiteralSocialConvention', 'IncorrectNonLiteralLexicalOverlap', 'IncorrectLiteral']",1,0,She wants to keep a good relationship with Derek and his family.,She thinks that spending dinner with Derek's parents is a good idea.,She thinks that spending dinner with Derek's parents is a bad idea., She wants to learn how to cook spaghetti.
DV,17,Samantha,"Samantha and her partner Andy are having a conversation about their relationship. In the past, the two of them had some difficulties, but for the last few months things have been absolutely great. Andy tells Samantha that even when things were not going well, breaking up was never an option for him. He asks if Samantha had ever considered ending the relationship. Although she is currently very happy in the relationship, in the past she had considered ending the relationship several times. Samantha says, ""Of course not, I have never considered breaking up with you.” Why has Samantha responded like this?","[4, 1, 2, 3]","['IncorrectNonLiteralSocialConvention', 'IncorrectLiteral', 'IncorrectNonLiteralLexicalOverlap', 'CorrectNonLiteral']",4,0,She values their current relationship and does not want to jeopardize it by discussing her past thoughts., She has never thought seriously about breaking up with him,She wants Andy to realize that she has thought about breaking up with him.,She is disappointed with their current relationship and wants to end it. 
DV,18,Betty,"Betty's partner needs to have his wisdom teeth removed, which Betty remembers was painful for her. Her partner is often anxious about medical matters. The night before his appointment, he tells Betty that he heard that the procedure can be painful. He asks Betty what her experience was like. She says: ""It wasn't bad at all."" Why has Betty responded like this?","[4, 3, 2, 1]","['IncorrectNonLiteralSocialConvention', 'CorrectNonLiteral', 'IncorrectNonLiteralLexicalOverlap', 'IncorrectLiteral']",2,0,Betty does not want to put additional stress on her partner by telling him the truth.,Wisdom tooth removal was not that painful for Betty after all.,Wisdom tooth removal was extremely painful for Betty.,Betty values her relationship with her partner and does not want to get into an argument with him.
DV,19,Annie,"Mary sets up a date for her best friend Annie and her brother Mike. They don't talk much during their dinner and Annie is surprised by the way that Mike talks to the waiter. After the date, Mary asks Annie what she thought of her date with Mike. Annie says, ""It was fun!” Why has Annie responded like this?","[2, 4, 1, 3]","['IncorrectNonLiteralLexicalOverlap', 'IncorrectNonLiteralSocialConvention', 'IncorrectLiteral', 'CorrectNonLiteral']",4,0,Annie does not want to upset her friend., Annie had a great time with Mike.,Annie wants Mary to know that the date was a disaster.,Annie does not want to be friends with Mary any more.
DV,20,Lisa,"Lisa is taking a class with Mrs. Smith, who is the mother of her best friend Ellie. Mrs. Smith typically lectures from the textbook to the class, and gives difficult multiple-choice exams. One day Ellie asks Lisa what she thinks about the class that her mom teaches. Lisa responds: ""She is an awesome teacher.”  Why has Lisa responded like this?","[3, 4, 2, 1]","['CorrectNonLiteral', 'IncorrectNonLiteralSocialConvention', 'IncorrectNonLiteralLexicalOverlap', 'IncorrectLiteral']",1,0,She does not want to hurt her friend by criticizing her mother.,She is happy with the way Mrs. Smith teaches that class.,She is unhappy with the way Mrs. Smith teaches that class.,She does not want to be friends with Ellie any more.