model_name,temperature,phenomenon,decoding_scheme,question,seed,item_id,prompt,response
meta-llama/Llama-2-7b-hf,0.9,irony,greedy,,1,1,"You will read a short story that describes an everyday situation. Your task is to interpret what the character in the story is trying to convey.

In a shop, Lara tries on a dress. The dress is far too long for her. Lara asks Simon: ""Does this dress fit me?"" Simon answers: ""Wow! That must be custom made! It's clearly the perfect size and length for you."" What did Simon want to convey? 


Your answer:
","You will read a short story that describes an everyday situation. Your task is to interpret what the character in the story is trying to convey.

In a shop, Lara tries on a dress. The dress is far too long for her. Lara asks Simon: ""Does this dress fit me?"" Simon answers: ""Wow! That must be custom made! It's clearly the perfect size and length for you."" What did Simon want to convey? 


Your answer:

Answer: 

This is the short story:

In a shop, Lara tries on a dress. The dress is far too long for her. Lara asks Simon: ""Does this dress fit me?"" Simon answers: """
meta-llama/Llama-2-7b-hf,0.9,irony,greedy,,1,2,"You will read a short story that describes an everyday situation. Your task is to interpret what the character in the story is trying to convey.

Christian is Shane's big brother. One day, Christian is helping Shane with his homework. Christian explains the homework to Shane. When Shane starts the assignment, he does not follow Christian's instructions. Christian says, ""You are such a wonderful listener."" What did Christian want to convey?


Your answer:
","You will read a short story that describes an everyday situation. Your task is to interpret what the character in the story is trying to convey.

Christian is Shane's big brother. One day, Christian is helping Shane with his homework. Christian explains the homework to Shane. When Shane starts the assignment, he does not follow Christian's instructions. Christian says, ""You are such a wonderful listener."" What did Christian want to convey?


Your answer:
```

```


## [Solution](solution.md)
"
meta-llama/Llama-2-7b-hf,0.9,irony,greedy,,1,3,"You will read a short story that describes an everyday situation. Your task is to interpret what the character in the story is trying to convey.

Andrew and Phil are good friends, but they play on different basketball teams. During one game, Phil tries to score a basket but Andrew blocks his shot. Andrew says, ""You are so good at this."" What did Andrew want to convey? 


Your answer:
","You will read a short story that describes an everyday situation. Your task is to interpret what the character in the story is trying to convey.

Andrew and Phil are good friends, but they play on different basketball teams. During one game, Phil tries to score a basket but Andrew blocks his shot. Andrew says, ""You are so good at this."" What did Andrew want to convey? 


Your answer:

"
meta-llama/Llama-2-7b-hf,0.9,irony,greedy,,1,4,"You will read a short story that describes an everyday situation. Your task is to interpret what the character in the story is trying to convey.

Patrick and Jon like to eat at restaurants. One afternoon, they are at a restaurant eating lunch. Patrick orders a bowl of noodles and Jon orders a rice dish. While eating his meal, Patrick spills some noodles on his shirt. Jon says, ""You are so graceful."" What did Jon want to convey?


Your answer:
","You will read a short story that describes an everyday situation. Your task is to interpret what the character in the story is trying to convey.

Patrick and Jon like to eat at restaurants. One afternoon, they are at a restaurant eating lunch. Patrick orders a bowl of noodles and Jon orders a rice dish. While eating his meal, Patrick spills some noodles on his shirt. Jon says, ""You are so graceful."" What did Jon want to convey?


Your answer:
"
meta-llama/Llama-2-7b-hf,0.9,irony,greedy,,1,5,"You will read a short story that describes an everyday situation. Your task is to interpret what the character in the story is trying to convey.

Today Sarah and Tom are going to the beach to go swimming and sunbathing. It was Tom's idea, as he said it was going to be a lovely sunny day to go to the beach. But just as they arrive at the beach, it starts to rain and thunder. Sarah becomes angry. She says ""Oh yes, a lovely day for going to the beach."" What did Sarah want to convey?


Your answer:
","You will read a short story that describes an everyday situation. Your task is to interpret what the character in the story is trying to convey.

Today Sarah and Tom are going to the beach to go swimming and sunbathing. It was Tom's idea, as he said it was going to be a lovely sunny day to go to the beach. But just as they arrive at the beach, it starts to rain and thunder. Sarah becomes angry. She says ""Oh yes, a lovely day for going to the beach."" What did Sarah want to convey?


Your answer:

I don't know

"
meta-llama/Llama-2-7b-hf,0.9,irony,greedy,,1,6,"You will read a short story that describes an everyday situation. Your task is to interpret what the character in the story is trying to convey.

It is a holiday. Stefan and Kim are sitting in the backseat of the car. They are fighting all the time. Their father says: ""Oh, it is so pleasant here."" What did the father want to convey?


Your answer:
","You will read a short story that describes an everyday situation. Your task is to interpret what the character in the story is trying to convey.

It is a holiday. Stefan and Kim are sitting in the backseat of the car. They are fighting all the time. Their father says: ""Oh, it is so pleasant here."" What did the father want to convey?


Your answer:

> í¸ì•ˆí•œ ê³³ì´ë‹¤. ì•„ì´ë“¤ì˜ ì‹¸ì›€ì— ì§ˆì„œë¥¼ íšŒë³µí•˜ê³  ì‹¶ì€ ì•„ï¿½ï¿½"
meta-llama/Llama-2-7b-hf,0.9,irony,greedy,,1,7,"You will read a short story that describes an everyday situation. Your task is to interpret what the character in the story is trying to convey.

Kim and Jane are leaving the football stadium. Jane says, ""What a wonderful game."" Kim looks disappointed. Kim replies: ""Sorry I made you come."" What did Jane want to convey?


Your answer:
","You will read a short story that describes an everyday situation. Your task is to interpret what the character in the story is trying to convey.

Kim and Jane are leaving the football stadium. Jane says, ""What a wonderful game."" Kim looks disappointed. Kim replies: ""Sorry I made you come."" What did Jane want to convey?


Your answer:

I was so tired and wanted to leave, but I went with Kim anyway.

A. I'm sorry I made you come. I really wanted to watch the game.

B. I'm sorry I made you come"
meta-llama/Llama-2-7b-hf,0.9,irony,greedy,,1,8,"You will read a short story that describes an everyday situation. Your task is to interpret what the character in the story is trying to convey.

Mark entered a golf tournament where he played badly and kept missing very easy shots. His friend Hal watched the tournament and afterwards he said to Mark, ""You sure are a good golfer."" What did Hal want to convey?


Your answer:
","You will read a short story that describes an everyday situation. Your task is to interpret what the character in the story is trying to convey.

Mark entered a golf tournament where he played badly and kept missing very easy shots. His friend Hal watched the tournament and afterwards he said to Mark, ""You sure are a good golfer."" What did Hal want to convey?


Your answer:

The meaning of Hal's remark is that he thinks Mark's bad play is caused by an illness or an injury.

Explanation:

Hal is referring to Mark's bad play in the tournament. He"
meta-llama/Llama-2-7b-hf,0.9,irony,greedy,,1,9,"You will read a short story that describes an everyday situation. Your task is to interpret what the character in the story is trying to convey.

Adrian's mother asks if he can look in his brother Tom's room to check if he has tidied up. Adrian opens the door to Tom's room, peers in, and sees that the room appears as it normally does - cluttered with toys and dirty clothes. He shouts to his mother: ""Mother, Tom, as usual, has done a splendid job tidying up!"" What did Adrian want to convey?


Your answer:
","You will read a short story that describes an everyday situation. Your task is to interpret what the character in the story is trying to convey.

Adrian's mother asks if he can look in his brother Tom's room to check if he has tidied up. Adrian opens the door to Tom's room, peers in, and sees that the room appears as it normally does - cluttered with toys and dirty clothes. He shouts to his mother: ""Mother, Tom, as usual, has done a splendid job tidying up!"" What did Adrian want to convey?


Your answer:

{% include answer_preview.html answer=""Adrian wanted to convey his disapproval of his brother's messy room. He used sarcasm and irony to convey his message. "" %}

---

<span"
meta-llama/Llama-2-7b-hf,0.9,irony,greedy,,1,10,"You will read a short story that describes an everyday situation. Your task is to interpret what the character in the story is trying to convey.

Callie promised to bring a salad to Jason's dinner party. She arrived two hours late. Jason said, ""I'm so glad that you were able to fit us into your busy schedule."" What did Jason want to convey?


Your answer:
","You will read a short story that describes an everyday situation. Your task is to interpret what the character in the story is trying to convey.

Callie promised to bring a salad to Jason's dinner party. She arrived two hours late. Jason said, ""I'm so glad that you were able to fit us into your busy schedule."" What did Jason want to convey?


Your answer:

""I'm so glad that you were able to fit us into your busy schedule."" = ""I'm so glad that you were able to fit us into your busy schedule."" = ""I'm so glad that you were able to"
meta-llama/Llama-2-7b-hf,0.9,irony,greedy,,1,11,"You will read a short story that describes an everyday situation. Your task is to interpret what the character in the story is trying to convey.

John is a teacher at an elementary school. When talking with the principal about a new student, who did poorly on her entrance examination, John said, ""This one is really sharp."" What did John want to convey?


Your answer:
","You will read a short story that describes an everyday situation. Your task is to interpret what the character in the story is trying to convey.

John is a teacher at an elementary school. When talking with the principal about a new student, who did poorly on her entrance examination, John said, ""This one is really sharp."" What did John want to convey?


Your answer:


"
meta-llama/Llama-2-7b-hf,0.9,irony,greedy,,1,12,"You will read a short story that describes an everyday situation. Your task is to interpret what the character in the story is trying to convey.

Melissa's friend convinces her to accompany her to a nightclub that her friend says is ""super hot"". When they arrive, it is so cold inside that they can see their breath. Melissa turns to her friend and says, ""The heat is really on in here."" What did Melissa want to convey?


Your answer:
","You will read a short story that describes an everyday situation. Your task is to interpret what the character in the story is trying to convey.

Melissa's friend convinces her to accompany her to a nightclub that her friend says is ""super hot"". When they arrive, it is so cold inside that they can see their breath. Melissa turns to her friend and says, ""The heat is really on in here."" What did Melissa want to convey?


Your answer:

A. It was very hot inside the club.
B. She was afraid to go inside the club.
C. She wanted to complain about the temperature.
D. She wanted to suggest going to another club."
meta-llama/Llama-2-7b-hf,0.9,irony,greedy,,1,13,"You will read a short story that describes an everyday situation. Your task is to interpret what the character in the story is trying to convey.

Your friend is working on his novel and is not making any progress. When you ask him how it is going he says, ""It couldn't be any better.""  What does your friend want to convey?


Your answer:
","You will read a short story that describes an everyday situation. Your task is to interpret what the character in the story is trying to convey.

Your friend is working on his novel and is not making any progress. When you ask him how it is going he says, ""It couldn't be any better.""  What does your friend want to convey?


Your answer:




Your friend is working on his novel and is not making any progress. When you ask him how it is going he says, ""It couldn't be any better.""

Your friend wants to convey that he thinks it is"
meta-llama/Llama-2-7b-hf,0.9,irony,greedy,,1,14,"You will read a short story that describes an everyday situation. Your task is to interpret what the character in the story is trying to convey.

Tom, who is who is a gourmet chef, was offered a job at a new restaurant. Tom's potential employer offered him really low pay and no benefits. When you ask Tom what he thinks of the offer he says, ""Well, their generosity knows no bounds."" What does Tom want to convey?


Your answer:
","You will read a short story that describes an everyday situation. Your task is to interpret what the character in the story is trying to convey.

Tom, who is who is a gourmet chef, was offered a job at a new restaurant. Tom's potential employer offered him really low pay and no benefits. When you ask Tom what he thinks of the offer he says, ""Well, their generosity knows no bounds."" What does Tom want to convey?


Your answer:


"
meta-llama/Llama-2-7b-hf,0.9,irony,greedy,,1,15,"You will read a short story that describes an everyday situation. Your task is to interpret what the character in the story is trying to convey.

Megan and Kristine were looking after the neighbor's children one afternoon. The kids were energetic, enthusiastic, and well behaved. On the way home, Kristine said, ""Those kids were not fun at all."" What does Kristine want to convey?


Your answer:
","You will read a short story that describes an everyday situation. Your task is to interpret what the character in the story is trying to convey.

Megan and Kristine were looking after the neighbor's children one afternoon. The kids were energetic, enthusiastic, and well behaved. On the way home, Kristine said, ""Those kids were not fun at all."" What does Kristine want to convey?


Your answer:

```
The kids were not fun at all.
```

You are correct!

```
What do you think?

```

You will read a short story that describes an everyday situation. Your task is"
meta-llama/Llama-2-7b-hf,0.9,irony,greedy,,1,16,"You will read a short story that describes an everyday situation. Your task is to interpret what the character in the story is trying to convey.

Laura and Lynn were having coffee at a local caf&eacute;. They were talking about a boring date that Laura had had the night before. They had watched old reruns of cartoons all evening. Lynn said, ""That sounds so exciting.""  What did Lynn want to convey?


Your answer:
","You will read a short story that describes an everyday situation. Your task is to interpret what the character in the story is trying to convey.

Laura and Lynn were having coffee at a local caf&eacute;. They were talking about a boring date that Laura had had the night before. They had watched old reruns of cartoons all evening. Lynn said, ""That sounds so exciting.""  What did Lynn want to convey?


Your answer:
"
meta-llama/Llama-2-7b-hf,0.9,irony,greedy,,1,17,"You will read a short story that describes an everyday situation. Your task is to interpret what the character in the story is trying to convey.

While Tom and a new acquaintance from work, Sara, were chatting at a party, they noticed a colleague across the room. She was standing alone holding a drink and a CD. Tom points at the girl and comments:  ""The life of the party, right there."" What did Tom want to convey?


Your answer:
","You will read a short story that describes an everyday situation. Your task is to interpret what the character in the story is trying to convey.

While Tom and a new acquaintance from work, Sara, were chatting at a party, they noticed a colleague across the room. She was standing alone holding a drink and a CD. Tom points at the girl and comments:  ""The life of the party, right there."" What did Tom want to convey?


Your answer:

"
meta-llama/Llama-2-7b-hf,0.9,irony,greedy,,1,18,"You will read a short story that describes an everyday situation. Your task is to interpret what the character in the story is trying to convey.

Jane and her best friend, Arthur, were selling chocolates door to door to raise money for a charity event. Jane and Arthur approached a house and tried to sell their candy to a mean couple. As they walked away, Jane comments: ""People in this community are so nice!""  What did Jane want to convey?


Your answer:
","You will read a short story that describes an everyday situation. Your task is to interpret what the character in the story is trying to convey.

Jane and her best friend, Arthur, were selling chocolates door to door to raise money for a charity event. Jane and Arthur approached a house and tried to sell their candy to a mean couple. As they walked away, Jane comments: ""People in this community are so nice!""  What did Jane want to convey?


Your answer:

The story is about a girl who is trying to raise money for charity. Jane and Arthur go door to door selling chocolates. They come to a house and try to sell some chocolates to the people there."
meta-llama/Llama-2-7b-hf,0.9,irony,greedy,,1,19,"You will read a short story that describes an everyday situation. Your task is to interpret what the character in the story is trying to convey.

Penny, Juanita, and Jill have tickets to a basketball game. At halftime, Juanita offers to go get some drinks. Forty minutes later, she finally returns, and Jill remarks, ""That was quick."" What did Jill want to convey?


Your answer:
","You will read a short story that describes an everyday situation. Your task is to interpret what the character in the story is trying to convey.

Penny, Juanita, and Jill have tickets to a basketball game. At halftime, Juanita offers to go get some drinks. Forty minutes later, she finally returns, and Jill remarks, ""That was quick."" What did Jill want to convey?


Your answer:


"
meta-llama/Llama-2-7b-hf,0.9,irony,greedy,,1,20,"You will read a short story that describes an everyday situation. Your task is to interpret what the character in the story is trying to convey.

Mark gave his former colleague Krista tickets to a lecture where he was a guest speaker. Within the first 20 minutes of the lecture, the audience started to leave. The next day Krista talked to Mary about the lecture. Krista said: "" Oh, Mark held the audience's attention so well."" What did Krista want to convey?


Your answer:
","You will read a short story that describes an everyday situation. Your task is to interpret what the character in the story is trying to convey.

Mark gave his former colleague Krista tickets to a lecture where he was a guest speaker. Within the first 20 minutes of the lecture, the audience started to leave. The next day Krista talked to Mary about the lecture. Krista said: "" Oh, Mark held the audience's attention so well."" What did Krista want to convey?


Your answer:

- Krista wanted to convey that she liked Mark and enjoyed his lecture.
- Krista wanted to convey that she didn't like Mark and thought his lecture was boring.
- Krista wanted to convey that she didn't"
meta-llama/Llama-2-7b-hf,0.9,irony,greedy,,1,21,"You will read a short story that describes an everyday situation. Your task is to interpret what the character in the story is trying to convey.

Tracy was in a dance recital and invited her roommate Steve to watch. Tracy tripped many times during her performance. The next day Steve was talking to Dawn about the recital. Steve said: ""Some people have such natural grace!"" What did Steve want to convey?


Your answer:
","You will read a short story that describes an everyday situation. Your task is to interpret what the character in the story is trying to convey.

Tracy was in a dance recital and invited her roommate Steve to watch. Tracy tripped many times during her performance. The next day Steve was talking to Dawn about the recital. Steve said: ""Some people have such natural grace!"" What did Steve want to convey?


Your answer:

    - - - - - - - - - - - - - - - - - - - - - - - - - - - - - - - - - - - -

### ğŸ’¡ Hints
"
meta-llama/Llama-2-7b-hf,0.9,irony,greedy,,1,22,"You will read a short story that describes an everyday situation. Your task is to interpret what the character in the story is trying to convey.

John finished the race way ahead of the other competitors. His friend laughed and said to him, ""You are so slow!"" What did his friend want to convey?


Your answer:
","You will read a short story that describes an everyday situation. Your task is to interpret what the character in the story is trying to convey.

John finished the race way ahead of the other competitors. His friend laughed and said to him, ""You are so slow!"" What did his friend want to convey?


Your answer:

The competitor was not happy with his friend's performance.

The competitor was very proud of his friend's performance.

The competitor was trying to be polite to his friend.

The competitor was"
meta-llama/Llama-2-7b-hf,0.9,irony,greedy,,1,23,"You will read a short story that describes an everyday situation. Your task is to interpret what the character in the story is trying to convey.

The Jones' had hired a new gardener. After a week the lawn was looking particularly unkempt. John remarked to his wife, ""He does such a good job!"" What did John want to convey?


Your answer:
","You will read a short story that describes an everyday situation. Your task is to interpret what the character in the story is trying to convey.

The Jones' had hired a new gardener. After a week the lawn was looking particularly unkempt. John remarked to his wife, ""He does such a good job!"" What did John want to convey?


Your answer:

    John wanted to convey that he was unhappy with the gardener.
    John wanted to convey that he was pleased with the gardener.

**Why?**

He was unhappy with the gardener, as he"
meta-llama/Llama-2-7b-hf,0.9,irony,greedy,,1,24,"You will read a short story that describes an everyday situation. Your task is to interpret what the character in the story is trying to convey.

It was the night before her exam and Tilly had read none of the course texts. Her brother said, ""I see your revision is going well.""  What did he want to convey?


Your answer:
","You will read a short story that describes an everyday situation. Your task is to interpret what the character in the story is trying to convey.

It was the night before her exam and Tilly had read none of the course texts. Her brother said, ""I see your revision is going well.""  What did he want to convey?


Your answer:

He was being sarcastic.

I hope my answer is correct, thanks!

Comment: This would be an interesting thing to do in a classroom.

Answer: I think he is being sarcastic, too"
meta-llama/Llama-2-7b-hf,0.9,irony,greedy,,1,25,"You will read a short story that describes an everyday situation. Your task is to interpret what the character in the story is trying to convey.

Barb and Tony went to a high school reunion. Barb was running late and came underdressed. Tony commented, ""Classy outfit."" What did Tony want to convey?


Your answer:
","You will read a short story that describes an everyday situation. Your task is to interpret what the character in the story is trying to convey.

Barb and Tony went to a high school reunion. Barb was running late and came underdressed. Tony commented, ""Classy outfit."" What did Tony want to convey?


Your answer:

Barb and Tony went to a high school reunion. Barb was running late and came underdressed. Tony commented, ""Classy outfit."" Tony was trying to convey that Barb's outfit was not suitable for a re"
