model_name;temperature;phenomenon;decoding_scheme;question;seed;item_id;prompt;response;response_option
meta-llama/Llama-2-7b-hf;0.9;metaphor;greedy;;1;1;"You will read a short story that describes an everyday situation. Your task is to interpret what the character in the story is trying to convey.

Mary was asked about the town that she has just moved to. Mary responded: ""This town is a chimney."" What does Mary mean?


Your answer:
";"You will read a short story that describes an everyday situation. Your task is to interpret what the character in the story is trying to convey.

Mary was asked about the town that she has just moved to. Mary responded: ""This town is a chimney."" What does Mary mean?


Your answer:

I think that she means that the town is boring.

";error
meta-llama/Llama-2-7b-hf;0.9;metaphor;greedy;;1;2;"You will read a short story that describes an everyday situation. Your task is to interpret what the character in the story is trying to convey.

Mike said to his expectant wife: ""Our baby is a lovebird's egg."" What did Mike mean?


Your answer:
";"You will read a short story that describes an everyday situation. Your task is to interpret what the character in the story is trying to convey.

Mike said to his expectant wife: ""Our baby is a lovebird's egg."" What did Mike mean?


Your answer:



";error
meta-llama/Llama-2-7b-hf;0.9;metaphor;greedy;;1;3;"You will read a short story that describes an everyday situation. Your task is to interpret what the character in the story is trying to convey.

Andrew and Bob were discussing the investment company where Andrew works. Bob said: ""The investors are squirrels collecting nuts."" What does Bob mean?


Your answer:
";"You will read a short story that describes an everyday situation. Your task is to interpret what the character in the story is trying to convey.

Andrew and Bob were discussing the investment company where Andrew works. Bob said: ""The investors are squirrels collecting nuts."" What does Bob mean?


Your answer:

I think Bob means the investors are very conservative.

Explanation:

Andrew and Bob were discussing the investment company where Andrew works. Bob said: ""The investors are squirrels collecting";target
meta-llama/Llama-2-7b-hf;0.9;metaphor;greedy;;1;4;"You will read a short story that describes an everyday situation. Your task is to interpret what the character in the story is trying to convey.

Mark asked his mom what she thought about his new girlfriend. She replied: ""This young lady is 100% polyester."" What does she mean?


Your answer:";"You will read a short story that describes an everyday situation. Your task is to interpret what the character in the story is trying to convey.

Mark asked his mom what she thought about his new girlfriend. She replied: ""This young lady is 100% polyester."" What does she mean?


Your answer:

- 100% Polyester is a type of fabric made of polyester fibers.
- The character in the story thinks Markâ€™s new girlfriend is too materialistic and not pure enough.
- The character in the";error
meta-llama/Llama-2-7b-hf;0.9;metaphor;greedy;;1;5;"You will read a short story that describes an everyday situation. Your task is to interpret what the character in the story is trying to convey.

Mary said to her husband: ""Our kids are pieces of taffy."" What did she mean? 


Your answer:
";"You will read a short story that describes an everyday situation. Your task is to interpret what the character in the story is trying to convey.

Mary said to her husband: ""Our kids are pieces of taffy."" What did she mean? 


Your answer:

";distractor_plausibleliteral
meta-llama/Llama-2-7b-hf;0.9;metaphor;greedy;;1;6;"You will read a short story that describes an everyday situation. Your task is to interpret what the character in the story is trying to convey.

Mark saw a lady at the party and said to his friend: ""This lady's jewels are bursting stars."" What did Mark mean?


Your answer:
";"You will read a short story that describes an everyday situation. Your task is to interpret what the character in the story is trying to convey.

Mark saw a lady at the party and said to his friend: ""This lady's jewels are bursting stars."" What did Mark mean?


Your answer:


Your answer is right.
";target
meta-llama/Llama-2-7b-hf;0.9;metaphor;greedy;;1;7;"You will read a short story that describes an everyday situation. Your task is to interpret what the character in the story is trying to convey.

Ben was telling his friend about the fashion show that he attended. He said: ""This model was the blue canary at the show."" What did Ben mean? 


Your answer:
";"You will read a short story that describes an everyday situation. Your task is to interpret what the character in the story is trying to convey.

Ben was telling his friend about the fashion show that he attended. He said: ""This model was the blue canary at the show."" What did Ben mean? 


Your answer:

He meant that the model was beautiful.


";error
meta-llama/Llama-2-7b-hf;0.9;metaphor;greedy;;1;8;"You will read a short story that describes an everyday situation. Your task is to interpret what the character in the story is trying to convey.

Mary said to her granddaughter: ""The queen is our nation's aunt."" What did Mary mean?


Your answer:
";"You will read a short story that describes an everyday situation. Your task is to interpret what the character in the story is trying to convey.

Mary said to her granddaughter: ""The queen is our nation's aunt."" What did Mary mean?


Your answer:

We have no choice but to wait until the end of the story to figure out what Mary was trying to say. But, we can infer from what we know about the character that she meant something to the effect of ""The queen is a noble";error
meta-llama/Llama-2-7b-hf;0.9;metaphor;greedy;;1;9;"You will read a short story that describes an everyday situation. Your task is to interpret what the character in the story is trying to convey.

Abby and Kyle were walking along the promenade one night, and they saw a couple smiling at each other. Abby noted: ""This sunset sings to the lovers."" What did Abby mean?


Your answer:
";"You will read a short story that describes an everyday situation. Your task is to interpret what the character in the story is trying to convey.

Abby and Kyle were walking along the promenade one night, and they saw a couple smiling at each other. Abby noted: ""This sunset sings to the lovers."" What did Abby mean?


Your answer:

Your answer

Your score:

2";error
meta-llama/Llama-2-7b-hf;0.9;metaphor;greedy;;1;10;"You will read a short story that describes an everyday situation. Your task is to interpret what the character in the story is trying to convey.

Jessica was giving a talk that her mom attended. After the talk, Jessica's mom called her husband and said: ""Jessica sailed towards the finish."" What did she mean?


Your answer:
";"You will read a short story that describes an everyday situation. Your task is to interpret what the character in the story is trying to convey.

Jessica was giving a talk that her mom attended. After the talk, Jessica's mom called her husband and said: ""Jessica sailed towards the finish."" What did she mean?


Your answer:

1. She did a good job.
2. She is going to be a good sailor in the future.
3. She did well on her first sailing trip.
4. She is going to sail away from the competition";error
meta-llama/Llama-2-7b-hf;0.9;metaphor;greedy;;1;11;"You will read a short story that describes an everyday situation. Your task is to interpret what the character in the story is trying to convey.

Jody and Mark were discussing their daughter's behavior. Mark said: ""She is walking all over her brothers."" What did Mark mean?


Your answer:
";"You will read a short story that describes an everyday situation. Your task is to interpret what the character in the story is trying to convey.

Jody and Mark were discussing their daughter's behavior. Mark said: ""She is walking all over her brothers."" What did Mark mean?


Your answer:

Your answers:

You answered:
";target
meta-llama/Llama-2-7b-hf;0.9;metaphor;greedy;;1;12;"You will read a short story that describes an everyday situation. Your task is to interpret what the character in the story is trying to convey.

During a business meeting, the general manager of the company said to the financial manager: ""The new accountant that you hired is a juggler."" What did the general manager mean? 


Your answer:
";"You will read a short story that describes an everyday situation. Your task is to interpret what the character in the story is trying to convey.

During a business meeting, the general manager of the company said to the financial manager: ""The new accountant that you hired is a juggler."" What did the general manager mean? 


Your answer:
";error
meta-llama/Llama-2-7b-hf;0.9;metaphor;greedy;;1;13;"You will read a short story that describes an everyday situation. Your task is to interpret what the character in the story is trying to convey.

Ken was telling his friend about his shopping experience on Black Friday. Ken said: ""The store that I went to was a jungle."" What did Ken mean?


Your answer:
";"You will read a short story that describes an everyday situation. Your task is to interpret what the character in the story is trying to convey.

Ken was telling his friend about his shopping experience on Black Friday. Ken said: ""The store that I went to was a jungle."" What did Ken mean?


Your answer:


";target
meta-llama/Llama-2-7b-hf;0.9;metaphor;greedy;;1;14;"You will read a short story that describes an everyday situation. Your task is to interpret what the character in the story is trying to convey.

Janet was telling her friend about the show that she saw last night. Janet said: ""The dancers were butterflies."" What did Janet mean?


Your answer:
";"You will read a short story that describes an everyday situation. Your task is to interpret what the character in the story is trying to convey.

Janet was telling her friend about the show that she saw last night. Janet said: ""The dancers were butterflies."" What did Janet mean?


Your answer:



You will read a short story that describes an everyday situation. Your task is to interpret what the character in the story is trying to convey.

Janet was telling her friend about the show that she saw last night. Jan";target
meta-llama/Llama-2-7b-hf;0.9;metaphor;greedy;;1;15;"You will read a short story that describes an everyday situation. Your task is to interpret what the character in the story is trying to convey.

Caitlyn was telling her husband about her new co-worker. Caitlyn said: ""Sally is a block of ice."" What did she mean?


Your answer:
";"You will read a short story that describes an everyday situation. Your task is to interpret what the character in the story is trying to convey.

Caitlyn was telling her husband about her new co-worker. Caitlyn said: ""Sally is a block of ice."" What did she mean?


Your answer:


---
ðŸ‘¤provided by:
- @mohsen-shahverdi
";target
meta-llama/Llama-2-7b-hf;0.9;metaphor;greedy;;1;16;"You will read a short story that describes an everyday situation. Your task is to interpret what the character in the story is trying to convey.

Robert and his wife are discussing their neighbor. Robert said: ""Our neighbor is a sheep."" What did Robert mean?  


Your answer:
";"You will read a short story that describes an everyday situation. Your task is to interpret what the character in the story is trying to convey.

Robert and his wife are discussing their neighbor. Robert said: ""Our neighbor is a sheep."" What did Robert mean?  


Your answer:

-   He thinks the neighbor is boring
-   He thinks the neighbor is timid
-   He thinks the neighbor is a cheater
-   He thinks the neighbor is a thief
-   He thinks the neighbor is";error
meta-llama/Llama-2-7b-hf;0.9;metaphor;greedy;;1;17;"You will read a short story that describes an everyday situation. Your task is to interpret what the character in the story is trying to convey.

Lucy told her teacher: ""The book that you gave me has more holes in it than Swiss cheese."" What did Lucy mean?


Your answer:
";"You will read a short story that describes an everyday situation. Your task is to interpret what the character in the story is trying to convey.

Lucy told her teacher: ""The book that you gave me has more holes in it than Swiss cheese."" What did Lucy mean?


Your answer:


### Explanation:

The idiom ""Swiss cheese"" refers to the Swiss cheese which is a well-known type of cheese that is full of holes. It is a common type of cheese that";error
meta-llama/Llama-2-7b-hf;0.9;metaphor;greedy;;1;18;"You will read a short story that describes an everyday situation. Your task is to interpret what the character in the story is trying to convey.

The teacher told Sam: ""You have too much on your plate."" What did the teacher mean?


Your answer:
";"You will read a short story that describes an everyday situation. Your task is to interpret what the character in the story is trying to convey.

The teacher told Sam: ""You have too much on your plate."" What did the teacher mean?


Your answer:

Sam was very busy at work and at home. He was overwhelmed by all the things he had to do.


Your answer was correct!


The teacher told Sam: ""You have too much on your plate";target
meta-llama/Llama-2-7b-hf;0.9;metaphor;greedy;;1;19;"You will read a short story that describes an everyday situation. Your task is to interpret what the character in the story is trying to convey.

Melissa was discussing a new sales manager, who was hired a couple of days ago: ""She is a babe in the woods."" What did Melissa mean?


Your answer:
";"You will read a short story that describes an everyday situation. Your task is to interpret what the character in the story is trying to convey.

Melissa was discussing a new sales manager, who was hired a couple of days ago: ""She is a babe in the woods."" What did Melissa mean?


Your answer:

""She is a babe in the woods.""
Means: ""She has little or no knowledge about sales.""


---

* [Back to Home](../)

";error
meta-llama/Llama-2-7b-hf;0.9;metaphor;greedy;;1;20;"You will read a short story that describes an everyday situation. Your task is to interpret what the character in the story is trying to convey.

John told his fiance: ""You are the tomato sauce to my pasta."" What did John mean?


Your answer:
";"You will read a short story that describes an everyday situation. Your task is to interpret what the character in the story is trying to convey.

John told his fiance: ""You are the tomato sauce to my pasta."" What did John mean?


Your answer:


";target